#,repo,file_path,commit_url,description,category,affected_instructions,
1,9600dev/mmr,Dockerfile,https://github.com/9600dev/mmr/commit/b08e63b7044f2b2061d8679b216822c82d309c86,dependency version bumps; styling,"UBS,S","RUN,RUN,RUN",
2,9600dev/mmr,Dockerfile,https://github.com/9600dev/mmr/commit/a3e9a22a4e3be85247c578514a3fbec13901caf1,add dockerfile,AD,*,
3,c2corg/serac-ui,Dockerfile,https://github.com/c2corg/serac-ui/commit/53a49137f1112b5ed7f4e95a89051ceec89e5f6f,update script path (fix),R,RUN,
4,c2corg/serac-ui,Dockerfile,https://github.com/c2corg/serac-ui/commit/fac18897cfc863376df07a866e62ab444587e882,add dockerfile,AD,*,
5,camptocamp/c2cciutils,Dockerfile,https://github.com/camptocamp/c2cciutils/commit/81f253e425502b3d08ce770d9137ebf47a50a8e6,update build step; add cache,UBS,"RUN,RUN,RUN,RUN,RUN",
6,camptocamp/c2cciutils,Dockerfile,https://github.com/camptocamp/c2cciutils/commit/866c541e04e733c3165fd89e4219cafbfd2bce5f,add build step; combine RUN instructions,ABS,"RUN,RUN",
7,camptocamp/c2cciutils,Dockerfile,https://github.com/camptocamp/c2cciutils/commit/2cd0e6a1c09676d29d8c144009727c975434cff3,upate build step; separate dependencies,UBS,"COPY,RUN",
8,camptocamp/c2cciutils,Dockerfile,https://github.com/camptocamp/c2cciutils/commit/e7e40adad8313a2156d6780df7d98fce183c1c25,update base image; update/add build steps; use pipfile for deps,"UBI,UBS","FROM,RUN,RUN,RUN,RUN,RUN,RUN,COPY,COPY",
9,camptocamp/c2cciutils,Dockerfile,https://github.com/camptocamp/c2cciutils/commit/980343dc7429405d842517efcf4dd76539ae1b00,update build step,UBS,RUN,
11,camptocamp/c2cciutils,Dockerfile,https://github.com/camptocamp/c2cciutils/commit/43fcda83b08d851a87cc696a8d033202d9499ed9,add dockerfile,AD,*,
13,ccnmtl/mediathread,Dockerfile,https://github.com/ccnmtl/mediathread/commit/efead284cd02584da7ea9b800b930dd5fa316b6a,commented instruction,MC,ENV,
14,ccnmtl/mediathread,Dockerfile,https://github.com/ccnmtl/mediathread/commit/7cda9d5568893cce505445aa65431ddd770fdcc2,update build step (dep); commented instruction,"UBS,MC","RUN,RUN",
15,ccnmtl/mediathread,Dockerfile,https://github.com/ccnmtl/mediathread/commit/8a5cb587857c6f4e7891513c14a68e7c84c60177,update build step(dep); add folder,"UBS,R","RUN,ADD",
16,ccnmtl/mediathread,Dockerfile,https://github.com/ccnmtl/mediathread/commit/9dfa9f64b1549b39d9066ac02f020467a2fe6ba4,uncommented instruction,MC,RUN,
17,ccnmtl/mediathread,Dockerfile,https://github.com/ccnmtl/mediathread/commit/484d0e17973617f8799fa8694e9820a789533381,add dockerfile,AD,*,
18,corinagum/WebChat-release-testing,Dockerfile,https://github.com/corinagum/WebChat-release-testing/commit/0b58794e2dc57693c0e0cdacb25a399af581817c,add dockerfile,AD,*,
19,emdgroup-liquid/liquid,Dockerfile,https://github.com/emdgroup-liquid/liquid/commit/6b2164406b83e27cda9bc79dc919548f2f3189ea,update base image; styling,"UBI,S",FROM,
20,emdgroup-liquid/liquid,Dockerfile,https://github.com/emdgroup-liquid/liquid/commit/aaf818471d322b54d097ff83e1045df93a2cac93,add dockerfile,AD,*,
21,felipehernandez/folker-test,Dockerfile,https://github.com/felipehernandez/folker-test/commit/6b648bd7bf162cc971a1a7f9492626419386d76e,update base image,UBI,FROM,
22,felipehernandez/folker-test,Dockerfile,https://github.com/felipehernandez/folker-test/commit/e82eefdcb08ba5a04cc4f6a9a7ed6a8964776da6,remove build steps; change entrypoint,"UBS,RBS","COPY,RUN,ENTRYPOINT",
24,felipehernandez/folker-test,Dockerfile,https://github.com/felipehernandez/folker-test/commit/bfc4c2e09f3c30d19c400eae38b7056ce3a36992,refactor - logical clustering,UBS,,
26,felipehernandez/folker-test,Dockerfile,https://github.com/felipehernandez/folker-test/commit/609ddf1bbcffddd1826ea7dd5bea25f5ae974eb6,"refactor - update build steps, rename files, rename entrypoint","UBS,R","COPY,RUN,ENTRYPOINT",
27,felipehernandez/folker-test,Dockerfile,https://github.com/felipehernandez/folker-test/commit/3f65a59463c11afd11083d2926882eba5e0443f0,remove build step; remove comments,"RBS,MC",RUN,
29,felipehernandez/folker-test,Dockerfile,https://github.com/felipehernandez/folker-test/commit/443e06da06ddb432103b8fba7cfe72728d767af4,update base image; version bump,UBI,FROM,
30,felipehernandez/folker-test,Dockerfile,https://github.com/felipehernandez/folker-test/commit/03d3a956bdc9a7337f8656d33ec291352ad4b53d,add workdir (deps),ABS,WORKDIR,
31,felipehernandez/folker-test,Dockerfile,https://github.com/felipehernandez/folker-test/commit/b01fb9adc366add5fbc5a6edceba51d8ab83912f,add workdir (run),ABS,WORKDIR,
32,felipehernandez/folker-test,Dockerfile,https://github.com/felipehernandez/folker-test/commit/6e51fbe87b2df4f965194cf1a1ad73d509d32e68,commented instruction (tests),MC,,
33,felipehernandez/folker-test,Dockerfile,https://github.com/felipehernandez/folker-test/commit/2155b4a66df8ddaf7c4d6fe80fb20caaeaf187f5,add build step,ABS,RUN,
34,felipehernandez/folker-test,Dockerfile,https://github.com/felipehernandez/folker-test/commit/8d352ad1f2d4ed1c2ba1a15b104fb5aa44b54fa8,update base image; add testing step,"UBI,ABS","FROM,RUN",
35,felipehernandez/folker-test,Dockerfile,https://github.com/felipehernandez/folker-test/commit/0bd96070505f8e23daaebb225f2e11cc539c4212,update run step (replace cmd with entrypoint),UBS,ENTRYPOINT,
36,felipehernandez/folker-test,Dockerfile,https://github.com/felipehernandez/folker-test/commit/9148c34e0e604b441816f66fcf833b210f509e08,add dockerfile,AD,*,
37,Filum-AI/filum-java-sdk,Dockerfile,https://github.com/Filum-AI/filum-java-sdk/commit/e57734ef6ecbf0766dfb9825915721bf0fb65dfa,add dockerifle,AD,*,
38,giantswarm/app-operator,Dockerfile,https://github.com/giantswarm/app-operator/commit/1de7c3d5e62b00ea94ec9296d649467ce891ae81,update base image,UBI,FROM,
39,giantswarm/app-operator,Dockerfile,https://github.com/giantswarm/app-operator/commit/542aedd81d2b728dae0f50d2a3f157140ee27aa3,update base image,UBI,FROM,
40,giantswarm/app-operator,Dockerfile,https://github.com/giantswarm/app-operator/commit/2626b5fd73b7f135c426226cf0ebb0be1f46839f,update base image,UBI,FROM,
41,giantswarm/app-operator,Dockerfile,https://github.com/giantswarm/app-operator/commit/ed8dd576097b755b6f22d3253a8a4c228cda664d,update base image,UBI,FROM,
42,giantswarm/app-operator,Dockerfile,https://github.com/giantswarm/app-operator/commit/4d1d68141fc9c137e0c378b00e2f75ff9cce7e73,update base image,UBI,FROM,
43,giantswarm/app-operator,Dockerfile,https://github.com/giantswarm/app-operator/commit/5c9e337e2dc34b627c7744313b21e8b1520a8ad4,update base image,UBI,FROM,
44,giantswarm/app-operator,Dockerfile,https://github.com/giantswarm/app-operator/commit/98211ef614f3ceb8959776d571e5e6a63dd51b7a,update base image,UBI,FROM,
45,giantswarm/app-operator,Dockerfile,https://github.com/giantswarm/app-operator/commit/60486b01f79cd75db02b9ba37855fc9d3ff9fddd,update base image,UBI,FROM,
46,giantswarm/app-operator,Dockerfile,https://github.com/giantswarm/app-operator/commit/bf295e2611ca1922f830a3f9634c4e8df730f9ec,update base image,UBI,FROM,
47,giantswarm/app-operator,Dockerfile,https://github.com/giantswarm/app-operator/commit/63bdca30674719434af5dc243f36d1f5f25d0b73,update base image,UBI,FROM,
48,giantswarm/app-operator,Dockerfile,https://github.com/giantswarm/app-operator/commit/fe157b327757ceddda4dc4ab051944a1a1c335dd,update base image,UBI,FROM,
49,giantswarm/app-operator,Dockerfile,https://github.com/giantswarm/app-operator/commit/b654aa0ee405c80dfe74999ffb9cc92bc023580a,update base image,UBI,FROM,
50,giantswarm/app-operator,Dockerfile,https://github.com/giantswarm/app-operator/commit/8edde3fce8060766e79e406f614293613ca542f1,update base image,UBI,FROM,
51,giantswarm/app-operator,Dockerfile,https://github.com/giantswarm/app-operator/commit/aa0da821412919c10fa8a87cb34fdb91cb32a1af,update base image,UBI,FROM,
52,giantswarm/app-operator,Dockerfile,https://github.com/giantswarm/app-operator/commit/36c5bde98a7c9effa9dc9a1157a6edadf6129244,update base image,UBI,FROM,
53,giantswarm/app-operator,Dockerfile,https://github.com/giantswarm/app-operator/commit/5bf02c8b40c0934575da266bf70337dc0c8b74c6,add dockerfile,AD,*,
54,hongki-jung/soso_ceramic_server,Dockerfile,https://github.com/hongki-jung/soso_ceramic_server/commit/a8a345b61a463502e11185d800a515d6e35ade31,update base image; add build steps; update run command,"UBS,ABS","FROM,COPY,RUN.CMD",
56,hongki-jung/soso_ceramic_server,Dockerfile,https://github.com/hongki-jung/soso_ceramic_server/commit/afe62cb7bc307ede44a557113665895b18f74b63,add dockerfile,AD,*,
57,jschnapper/forecasts,Dockerfile,https://github.com/jschnapper/forecasts/commit/45d6e2343507991fbe7d8623ba3e31efbb3d593d,update build step,UBS,RUN,
58,jschnapper/forecasts,Dockerfile,https://github.com/jschnapper/forecasts/commit/5a22191224f5158ef7eaf9c6e7779de123fd993d,update build step (add dependencies),UBS,RUN,
59,jschnapper/forecasts,Dockerfile,https://github.com/jschnapper/forecasts/commit/df7163edf8ce93e7793fe43966819f1ecf7feb5e,add build steps; udpate env,UBS,"USER,ENV,USER,ENV",
60,jschnapper/forecasts,Dockerfile,https://github.com/jschnapper/forecasts/commit/ee7b33bf8817436408c66e43a94b6e4b02a69b83,"update build step; update env, debug using run",UBS,"ENV,ENV,RUN,USER",
61,jschnapper/forecasts,Dockerfile,https://github.com/jschnapper/forecasts/commit/3d304b145deb15a5529f7120821be8eeb8d97ee6,add buillder step,ABS,"FROM,RUN,USER,COPY,RUN,ENV,RUN,ARG,ARG,ENV,COPY,CMD",
62,jschnapper/forecasts,Dockerfile,https://github.com/jschnapper/forecasts/commit/bc067ac708c3e1ca34a3b431a5cab7d190de131e,"add build step (fix,workaround)",ABS,RUN,
63,jschnapper/forecasts,Dockerfile,https://github.com/jschnapper/forecasts/commit/a8e7e590be4e35b0b21517669086fba23feeb2f4,add dockerfile,AD,*,
65,jschnapper/forecasts,Dockerfile,https://github.com/jschnapper/forecasts/commit/fa2f409867136979d1432ea8acaae1f3a46e3f51,rename dockerfile; add build steps,"ABS,RD","RUN,RUN",
66,jschnapper/forecasts,Dockerfile,https://github.com/jschnapper/forecasts/commit/25f783c1b0b384a8593f825cdb3fee4ad9145a92,add dockerfile,AD,*,
67,McTavishLab/extensiphy,Dockerfile,https://github.com/McTavishLab/extensiphy/commit/6eb5ab7f018e4ac64db217a2599d5ab242cc9c8c,uncommented instruction,MC,RUN,
68,McTavishLab/extensiphy,Dockerfile,https://github.com/McTavishLab/extensiphy/commit/d72c191c1ac4b5df2f9daab217b77a00b0b3c5a4,comment instruction,MC,RUN,
69,McTavishLab/extensiphy,Dockerfile,https://github.com/McTavishLab/extensiphy/commit/b208efc1b13a0eaacaca73e388cb108c83f33f42,update build steps,UBS,"ENV,RUN,RUN,RUN,RUN",
70,McTavishLab/extensiphy,Dockerfile,https://github.com/McTavishLab/extensiphy/commit/c4ba20ec6d16ba45a5039102d9bc9ff233fda12c,update build steps (simplify paths),UBS,"WORKDIR,WORKDIR",
71,McTavishLab/extensiphy,Dockerfile,https://github.com/McTavishLab/extensiphy/commit/c995b888a95cf679e432aec867ef428836320a62,comment instruction,MC,RUN,
72,McTavishLab/extensiphy,Dockerfile,https://github.com/McTavishLab/extensiphy/commit/2418fa13a0bd783a3c46529a80df64c11c0ea384,add build step (deps),ABS,RUN,
73,McTavishLab/extensiphy,Dockerfile,https://github.com/McTavishLab/extensiphy/commit/5232d2cf46f2e79e719ff12e3a16319e014b4bc3,comment instruction,MC,RUN,
74,McTavishLab/extensiphy,Dockerfile,https://github.com/McTavishLab/extensiphy/commit/baaeb04dcef4b08c63b7027cb4cff6b6f29d3d8c,add build step,ABS,RUN,
75,McTavishLab/extensiphy,Dockerfile,https://github.com/McTavishLab/extensiphy/commit/a24c246868076125416f206c66e8dbe4f561bb8d,update build steps,UBS,"RUN,RUN,ENV,WORKDIR,RUN",
76,McTavishLab/extensiphy,Dockerfile,https://github.com/McTavishLab/extensiphy/commit/5ae40853bfe3979e9fab549518c56ac8f3653fab,add dockerfile,AD,*,
77,MonkSoul/Furion,Dockerfile,https://github.com/MonkSoul/Furion/commit/08f5b99aad928eec73255cc236e9d4fe7c625b54,update comment (instruction),MC,,
78,MonkSoul/Furion,Dockerfile,https://github.com/MonkSoul/Furion/commit/1659edd5cd61c8b42185984ed9fc88e0b4b14a36,update base images,UBI,"FROM,FROM",
79,MonkSoul/Furion,Dockerfile,https://github.com/MonkSoul/Furion/commit/58e053c2785f61948cd1ab08f044ed91f6a7c1c2,add comments (docs),MC,,
80,MonkSoul/Furion,Dockerfile,https://github.com/MonkSoul/Furion/commit/a0f63e30f1326a6cf3e9289d6433943a1b762cbd,update base images; add build steps(deps),"UBI,ABS","FROM,RUN,RUN,RUN.FROM",
81,MonkSoul/Furion,Dockerfile,https://github.com/MonkSoul/Furion/commit/4d3ba67b3a33a545e1092728b8d5a12b3f37a9af,add build step,ABS,RUN,
82,MonkSoul/Furion,Dockerfile,https://github.com/MonkSoul/Furion/commit/4a7be68fe08a62b1587ee3b66c3e0d59e722b8c3,update base images,UBI,"FROM,FROM",
83,MonkSoul/Furion,Dockerfile,https://github.com/MonkSoul/Furion/commit/09425a5c0ccb0c7e6b29bde63f212fc0c9eb3cc0,"update base images, rename files, update build step","UBI,UBS,R","FROM,RUN,RUN,WORKDIR,FROM",
84,MonkSoul/Furion,Dockerfile,https://github.com/MonkSoul/Furion/commit/a24acd44a70bac94d2af8ab290197478aa10ef51,rename files,R,"RUN,ENTRYPOINT",
85,MonkSoul/Furion,Dockerfile,https://github.com/MonkSoul/Furion/commit/43a892c3bd90f3fee94f15e6df3c63c7fb9705b7,update base image,UBI,FROM,
86,MonkSoul/Furion,Dockerfile,https://github.com/MonkSoul/Furion/commit/2ac31ba37ed0ac88793100776fd3f560bfa0ff8c,update base image,UBI,FROM,
87,MonkSoul/Furion,Dockerfile,https://github.com/MonkSoul/Furion/commit/9210eaca96731024f21b7e8e0a335713c727b054,add dockerfile,AD,*,
88,PagerDuty/go-pagerduty,Dockerfile,https://github.com/PagerDuty/go-pagerduty/commit/f05c7e42bef743d17dfdf468b283a802cc46768e,add dockerfile,AD,*,
89,viaacode/openseadragon-client,Dockerfile,https://github.com/viaacode/openseadragon-client/commit/3ccb3b9e6dd3090ac19c57ca8c7a564ea2fa7ec7,add dockerfile,AD,*,
90,139bercy/pypel,Dockerfile,https://github.com/139bercy/pypel/commit/23969620752b152eeffbef848c772fdb0ab3e73c,"remove build step, remove whitespace","RBS,S","COPY,RUN",4
91,139bercy/pypel,Dockerfile,https://github.com/139bercy/pypel/commit/cfdfa13aed6e156bcc97e028181ea2d455f0d5d4,add dockerfile,AD,*,*
92,9600dev/mmr,Dockerfile,https://github.com/9600dev/mmr/commit/b08e63b7044f2b2061d8679b216822c82d309c86,"update build steps (version bumps), add trailing whitespace","UBS,S","RUN,RUN,RUN",4
93,9600dev/mmr,Dockerfile,https://github.com/9600dev/mmr/commit/a3e9a22a4e3be85247c578514a3fbec13901caf1,add dockerfile,AD,*,*
94,ash3rz/sonora,Dockerfile,https://github.com/ash3rz/sonora/commit/df003aebb1d6fdf0aa979eb3e855b030aee19515,update base image (version bump),UBI,FROM,1
95,ash3rz/sonora,Dockerfile,https://github.com/ash3rz/sonora/commit/77c0c2084de75599f7915bcbd960eb96989c021d,"update base image, remove build steps, update run command","UBI,RBS,UBS","FROM,COPY,RUN,CMD",4
96,ash3rz/sonora,Dockerfile,https://github.com/ash3rz/sonora/commit/332d4fb79d5e80088086de9ac29f17b4bae2380e,update base image,UBI,FROM,1
97,ash3rz/sonora,Dockerfile,https://github.com/ash3rz/sonora/commit/ef9300010998083ef80db5bd71c09437e82da5e2,"restructure steps, add build step (chmod script)","UBS,ABS","COPY,RUN",2
98,ash3rz/sonora,Dockerfile,https://github.com/ash3rz/sonora/commit/d4eb42c7b7e5c8674a3efa4ef7b3286f34ebd85b,"add build step, update run command","UBS,ABS","COPY,CMD",
99,ash3rz/sonora,Dockerfile,https://github.com/ash3rz/sonora/commit/ff1a0254f5a50bb2a934c0c9e9bcfa1bbd911dcf,"update build steps, add build step, logical restructure","UBS,ABS","COPY,RUN,COPY",
100,ash3rz/sonora,Dockerfile,https://github.com/ash3rz/sonora/commit/52584255a9dacee9531b43c84e84810955b54645,remove build steps; change entrypoint,RBS,"ARG,ARG,ARG",
101,ash3rz/sonora,Dockerfile,https://github.com/ash3rz/sonora/commit/729bc2c0aa86ef548b1a924eeefc2da936425b00,remove labels,ML,"LABEL,LABEL,LABEL,LABEL,LABEL",
102,ash3rz/sonora,Dockerfile,https://github.com/ash3rz/sonora/commit/8465b6fe5ae9303a335e30beeb5920121db0faa5,add dockerfile,AD,*,
103,c2corg/serac-ui,Dockerfile,https://github.com/c2corg/serac-ui/commit/53a49137f1112b5ed7f4e95a89051ceec89e5f6f,"update build step, rename script path","UBS,R",RUN,
104,c2corg/serac-ui,Dockerfile,https://github.com/c2corg/serac-ui/commit/fac18897cfc863376df07a866e62ab444587e882,add dockerfile,AD,*,
105,efenfauzi/orcinus,Dockerfile,https://github.com/efenfauzi/orcinus/commit/0d2fb38683cf89bc8613c0de45364ad5b570c059,remove whitespace,S,RUN,
106,efenfauzi/orcinus,Dockerfile,https://github.com/efenfauzi/orcinus/commit/e0b14e3e60584de6a357cf3f7022c4fd50630713,update build step (change package manager),UBS,RUN,
107,efenfauzi/orcinus,Dockerfile,https://github.com/efenfauzi/orcinus/commit/a450de34d2445f3f36ee58c3ba7f0675378a8bce,update build step (fix defective shell command),UBS,RUN,
108,efenfauzi/orcinus,Dockerfile,https://github.com/efenfauzi/orcinus/commit/c15bca7551010f3be3e8c4360c82d73d09ace07b,update build step,UBS,RUN,
109,efenfauzi/orcinus,Dockerfile,https://github.com/efenfauzi/orcinus/commit/f63feb6ac2a0385eadb2d7e02e263590358a3f40,update build step (add dependency),UBS,RUN,
110,efenfauzi/orcinus,Dockerfile,https://github.com/efenfauzi/orcinus/commit/06251dca5390508b32973f1de936b5e34f256b18,update build step,UBS,RUN,
111,efenfauzi/orcinus,Dockerfile,https://github.com/efenfauzi/orcinus/commit/d18957d0f62d5384488c2c913b51108efd78e3f3,update build step (add/remove dependencies),UBS,RUN,
112,efenfauzi/orcinus,Dockerfile,https://github.com/efenfauzi/orcinus/commit/9fa23636f67b4e21f5aed14c59c5ffb944b5c3b5,update build step (add/remove dependencies),UBS,RUN,
113,efenfauzi/orcinus,Dockerfile,https://github.com/efenfauzi/orcinus/commit/4e06f7fea40d710437376a75552f1bea1406ce10,update build step (add dependency),UBS,RUN,
114,efenfauzi/orcinus,Dockerfile,https://github.com/efenfauzi/orcinus/commit/ae2e316ae5734561ba3076f59203153c56ec0586,update build step (add dependency),UBS,RUN,
115,efenfauzi/orcinus,Dockerfile,https://github.com/efenfauzi/orcinus/commit/0b3742ad0f0bb414714a0c7ef9bc076dd75cf6c0,update base image (pin version),UBI,FROM,
116,efenfauzi/orcinus,Dockerfile,https://github.com/efenfauzi/orcinus/commit/1e625bca0b0e49441dd5eb78ff159cf5c332c231,update build step,UBS,RUN,
117,efenfauzi/orcinus,Dockerfile,https://github.com/efenfauzi/orcinus/commit/ed667932538989e301884039b86db13b30db79b4,add build steps,ABS,"RUN,COPY,WORKDIR",
118,efenfauzi/orcinus,Dockerfile,https://github.com/efenfauzi/orcinus/commit/76fad2b55154cee45d964e04c9ba04fb8d4544c6,update build step (add dependency),UBS,RUN,
119,efenfauzi/orcinus,Dockerfile,https://github.com/efenfauzi/orcinus/commit/eec39c3c960ec35bb94f9490b94b37775a3938a1,update build step (add/remove dependencies),UBS,RUN,
120,efenfauzi/orcinus,Dockerfile,https://github.com/efenfauzi/orcinus/commit/f8176f616ce75170a48c87b281ec4ed09fafd52d,"update build step (add/remove dependencies), remove build steps","UBS,RBS","RUN,RUN,COPY,RUN,RUN",
121,efenfauzi/orcinus,Dockerfile,https://github.com/efenfauzi/orcinus/commit/18459b6b62946394cd86f0c4dd0784ca30256587,"update build steps (add/remove dependencies),add build step, remove build step","UBS,ABS,RBS","RUN,RUN,RUN",
122,efenfauzi/orcinus,Dockerfile,https://github.com/efenfauzi/orcinus/commit/b2022801aeac20ab180fa709c9cce00ae6def61b,update build step,UBS,RUN,
123,efenfauzi/orcinus,Dockerfile,https://github.com/efenfauzi/orcinus/commit/87f88deb55d919d57002e6b59eff79b3a7f802df,update build step,UBS,RUN,
124,efenfauzi/orcinus,Dockerfile,https://github.com/efenfauzi/orcinus/commit/d1d6766bde140c76412e0cc21603997ae8426751,update build step,UBS,RUN,
125,efenfauzi/orcinus,Dockerfile,https://github.com/efenfauzi/orcinus/commit/2bd5cdcb48a8b6c07e47c648c61d00baca6a2a49,"update build step,rename script","UBS,R",COPY,
126,efenfauzi/orcinus,Dockerfile,https://github.com/efenfauzi/orcinus/commit/ba0e2f0691e4baa0bdc2631e8a7fcaf03315bb5a,"update build steps,rename scripts","UBS,R","COPY,RUN,ENTRYPOINT",
127,efenfauzi/orcinus,Dockerfile,https://github.com/efenfauzi/orcinus/commit/2d5e574d88de9762b893728299b275ece8d92f8d,update build steps,UBS,"RUN,COPY,RUN,RUN,RUN,ENTRYPOINT",
128,efenfauzi/orcinus,Dockerfile,https://github.com/efenfauzi/orcinus/commit/accb8ef8364bd15c66ce752526d3cbcc4abdbe96,"remove build step, update build step","RBS,UBS","RUN,EXPOSE",
129,efenfauzi/orcinus,Dockerfile,https://github.com/efenfauzi/orcinus/commit/8a78065a3777a6d09946a840f475661d3160d51a,add dockerfile,AD,*,
130,g-nightingale/deploying-machine-learning-models,Dockerfile,https://github.com/g-nightingale/deploying-machine-learning-models/commit/3f25370a1b464014419ac49a1e4eeee6b19cbe09,add dockerfile,AD,*,
131,Greenstand/treetracker-wallet-web,Dockerfile,https://github.com/Greenstand/treetracker-wallet-web/commit/e89a7f576370f98bb7e93a77cf41495ba2879579,remove build step,RBS,RUN,
132,Greenstand/treetracker-wallet-web,Dockerfile,https://github.com/Greenstand/treetracker-wallet-web/commit/01e600c94efcc51815cb465d427446943f3b82a0,add dockerfile,AD,*,
133,jcarlosv/man,Dockerfile,https://github.com/jcarlosv/man/commit/d8df859e5cc4766ba0107e17a4cb960d91c68940,"update base image, udpate build steps (version bumps)","UBI,UBS","FROM,RUN",
134,jcarlosv/man,Dockerfile,https://github.com/jcarlosv/man/commit/07d6304a0ff6f4a856d9c3932e22cf7ac2c3ea9e,"update base image, udpate build steps, remove comments","UBI,UBS,MC","FROM,RUN,RUN,RUN,RUN",
135,jcarlosv/man,Dockerfile,https://github.com/jcarlosv/man/commit/175121e5816e0e359307c60453895c88165e9d01,add dockerfile,AD,*,
136,Juan-cabrera-tw/github-actions-test,Dockerfile,https://github.com/Juan-cabrera-tw/github-actions-test/commit/14b339d2af065e5263f955908dce4261128c7621,add dockerfile,AD,*,
137,lijing-21/apisix-website,Dockerfile,https://github.com/lijing-21/apisix-website/commit/063b2c0918fae7711777aa55a63ee9e65c2f4360,add dockerfile,AD,*,
138,MmgTools/mmg,Dockerfile,https://github.com/MmgTools/mmg/commit/447f8360677c797788eb45eb6a1ad3174c35390f,update build step,UBS,RUN,
139,MmgTools/mmg,Dockerfile,https://github.com/MmgTools/mmg/commit/b3e72662881cbc64bbcfc81940f53f0402f60d77,add dockerfile,AD,*,
140,nickbabcock/rl-web,Dockerfile,https://github.com/nickbabcock/rl-web/commit/21f727cb2d542737fb9d0a3e398b10ad285861bd,remove dockerfile,DD,,
141,nickbabcock/rl-web,Dockerfile,https://github.com/nickbabcock/rl-web/commit/555ec0f8defc12f9727f178660de791f8cfc04a8,"update base image, update build step","UBI,UBS","FROM,RUN",
142,nickbabcock/rl-web,Dockerfile,https://github.com/nickbabcock/rl-web/commit/65db4ddb50bb122c8abe2039c086988b489fa918,"add build step, update buils steps, rename paths","ABS,UBS,R","RUN,RUN,RUN,COPY,COPY",
143,nickbabcock/rl-web,Dockerfile,https://github.com/nickbabcock/rl-web/commit/2e01d59616457ec08729df89f5348be24740d18a,"remove build step, update build step","RBS,UBS","RUN,RUN",
144,nickbabcock/rl-web,Dockerfile,https://github.com/nickbabcock/rl-web/commit/c0fa71003ac847bf4e4aeb91a27b1e9f4f9047c1,update build step,UBS,RUN,
145,nickbabcock/rl-web,Dockerfile,https://github.com/nickbabcock/rl-web/commit/3a91efae3d81afd2d89b5e95ff3f845f6fc841f4,"update build step, add comments","UBS,MC",RUN,
146,nickbabcock/rl-web,Dockerfile,https://github.com/nickbabcock/rl-web/commit/cfb264881d3664eb401fb856ef58f864b0e5b1e8,update build step,UBS,RUN,
147,nickbabcock/rl-web,Dockerfile,https://github.com/nickbabcock/rl-web/commit/2f51ce4ffaaedb5488472c97aff863171b137b7f,"update build steps, rename paths","UBS,R","COPY,RUN,RUN",
148,nickbabcock/rl-web,Dockerfile,https://github.com/nickbabcock/rl-web/commit/573cac25efba87e6884df15aa247ffde3e2744de,"update build step, add build step, add comments","UBS,ABS,MC","RUN,RUN,RUN",
149,nickbabcock/rl-web,Dockerfile,https://github.com/nickbabcock/rl-web/commit/29ad30cf2ff3a73c76265de6a659c44bfa977e9c,"remove build step, update build step","RBS,UBS","RUN,COPY,RUN",
150,nickbabcock/rl-web,Dockerfile,https://github.com/nickbabcock/rl-web/commit/b8c8e6cdd837d69f3ecf32ffe9646a0f447a0e5d,"split dependencies, add caching","UBS,ABS,MC","RUN,RUN,RUN,COPY,RUN,COPY,RUN,RUN",
151,nickbabcock/rl-web,Dockerfile,https://github.com/nickbabcock/rl-web/commit/a6e77237fa4b740dddd02b07e0aa1878cbd35881,add asset,UBS,RUN,
152,nickbabcock/rl-web,Dockerfile,https://github.com/nickbabcock/rl-web/commit/8e323be698e4adfe146e7cfdfed05189fa1b27bf,add dockerfile,AD,*,
153,oxr463/img,Dockerfile,https://github.com/oxr463/img/commit/89fb42e58c5ffc73774f0e9a97824810c15ea775,update base image and dependencies,"UBI,UBS,RBS,S","FROM,WORKDIR,RUN,RUN,FROM,FROM,RUN,RUN",
154,oxr463/img,Dockerfile,https://github.com/oxr463/img/commit/3d1a1675018ecbfe72516e9ae1f2717d4ade6400,"structural change, adds comments, base image version bump","UBI,RBS,UBS,MC","ARG,FROM,FROM,ARG,RUN,COPY,RUN",
155,oxr463/img,Dockerfile,https://github.com/oxr463/img/commit/85dcc26f050b82e3efd4732c4ce337bcd78fd0d4,fix path,UBS,RUN,
156,oxr463/img,Dockerfile,https://github.com/oxr463/img/commit/adf8197ba89a817df11533c8a6abb86588e0e139,change checkout code repo,"UBS,MC","RUN,RUN",
157,oxr463/img,Dockerfile,https://github.com/oxr463/img/commit/38b2b8c716bce30cb18b3ac49880a0884c3d60fd,fork different repo,UBS,"RUN,RUN",
158,oxr463/img,Dockerfile,https://github.com/oxr463/img/commit/1670331e30aa03f052646b12236e6105633d5364,clone a different repo,UBS,"RUN,RUN",
159,oxr463/img,Dockerfile,https://github.com/oxr463/img/commit/151b4506829bd7f52f5ba83aa99a3fd08709554a,update git checkout command,UBS,RUN,
160,oxr463/img,Dockerfile,https://github.com/oxr463/img/commit/f705a5fe7cca764eaf091742882777059892d81d,"adapt dockerfile to a new fork, add comments for documentation","ABS,UBS,MC","FROM,RUN,RUN,WORKDIR,RUN,FROM,RUN,RUN,COPY,COPY,RUN,FROM,RUN,FROM,ENV,ENV",
161,oxr463/img,Dockerfile,https://github.com/oxr463/img/commit/d34edac9edc0842060e5896f6723c46181751ffd,update dependencies,UBS,RUN,
162,oxr463/img,Dockerfile,https://github.com/oxr463/img/commit/e94d3b0ce8c8370678b61527146667f5a1a9bf00,add missing go dependencies,ABS,RUN,
163,oxr463/img,Dockerfile,https://github.com/oxr463/img/commit/471d0ba8dbf698277bf57e17f0284b5187fa21a3,remove dependency,UBS,RUN,
164,oxr463/img,Dockerfile,https://github.com/oxr463/img/commit/8e83c6664f9bf9c08441feeec5a536809e01ff9e,add env var,ABS,ENV,
165,oxr463/img,Dockerfile,https://github.com/oxr463/img/commit/fb45e5a95d6222c86533b5cfac8c4d21f3d7e6b6,"update base image, change checkouted code","UBI,UBS","FROM,RUN",
166,oxr463/img,Dockerfile,https://github.com/oxr463/img/commit/4e56fc4c2dd372afc0d2d4af2b6cea1f30c8d7f7,concat multiple RUN commands,"UBS,RBS","RUN,RUN",
167,oxr463/img,Dockerfile,https://github.com/oxr463/img/commit/e065ce3a701fdc2ec494e6fdd2f6d77373b7b0f9,"change checkout code repo, rename repo","UBS,R",RUN,
168,oxr463/img,Dockerfile,https://github.com/oxr463/img/commit/4efe92beb777d4990fa776c0263ad00aaf109420,change repo name,"UBS,R","RUN,WORKDIR",
169,oxr463/img,Dockerfile,https://github.com/oxr463/img/commit/5280384a4dc630282c86fd2ce5454f1d45ab2e0e,"add deps, create user home dir",UBS,"RUN,RUN",
170,oxr463/img,Dockerfile,https://github.com/oxr463/img/commit/993c6e1be3c2b6204882af2bac25d98462929839,change repo name,"UBS,R",RUN,
171,oxr463/img,Dockerfile,https://github.com/oxr463/img/commit/bc6dba2bf22ea79c102bbabe04f0488c9b3d9a77,add user and user home dir,ABS,"ENV,RUN,USER",
172,oxr463/img,Dockerfile,https://github.com/oxr463/img/commit/fa2a58332a4ea69d6ec29bc8aaaf034973ab7a81,"add deps, update checkout branch",UBS,"RUN,RUN,RUN",
173,oxr463/img,Dockerfile,https://github.com/oxr463/img/commit/bcafcaceaf3abff9144f3d928103d526e4ca35b4,"add deps, logically restructure build steps",UBS,"FROM,WORKDIR,COPY,RUN,RUN,RUN,RUN",
174,oxr463/img,Dockerfile,https://github.com/oxr463/img/commit/f4a4715fdb189cd182b97622da60b6eadc04a412,concat multiple RUN commands,"RBS,UBS","RUN,RUN",
175,oxr463/img,Dockerfile,https://github.com/oxr463/img/commit/8ad80db8186f353559f8293d59d8cd3d89db6286,split build commands into build steps,"ABS,UBS","ARG,FROM,RUN,FROM,RUN,WORKDIR,COPY,RUN,FROM,ARG,RUN,RUN,FROM,MAINTAINER,RUN,COPY,COPY",
176,oxr463/img,Dockerfile,https://github.com/oxr463/img/commit/7b335283ad393e398fdd4c878e8f5254ecafd221,remove deps,RBS,"ENV,RUN",
177,oxr463/img,Dockerfile,https://github.com/oxr463/img/commit/440dd9ad6de88046d893ed9aaef2ad6f7af88462,add deps,"ABS,UBS","RUN,ENV,RUN,RUN",
178,oxr463/img,Dockerfile,https://github.com/oxr463/img/commit/340e6ad8d648818a5d4c1c9a217eea6bb226b607,remove builder step,"UBS,RBS","FROM,RUN,FROM,COPY,COPY,COPY",
179,oxr463/img,Dockerfile,https://github.com/oxr463/img/commit/5b85890a80fab9301210880827d2ab8c6a5a233d,"add deps, environment setup","UBS,ABS","RUN,COPY",
180,oxr463/img,Dockerfile,https://github.com/oxr463/img/commit/a6d52e67e7e4882091d345207d3cae070b8bda04,add builder step,"UBI,UBS,ABS","FROM,RUN,FROM,COPY,COPY,CMD",
181,oxr463/img,Dockerfile,https://github.com/oxr463/img/commit/db1d0f5a06e6069ef1a6a9b55dad54d5726d208b,add dockerfile,AD,*,
182,Panquesito7/LinkFree,Dockerfile,https://github.com/Panquesito7/LinkFree/commit/7f9dc401e490739d5758c7feccbe816a39d0dae2,add build step,ABS,RUN,
183,Panquesito7/LinkFree,Dockerfile,https://github.com/Panquesito7/LinkFree/commit/4a9fa1f4591d655fa844521ce5b01c7b541bb904,add dockerfile,AD,*,
184,Python-aryan/age-detector-1,Dockerfile,https://github.com/Python-aryan/age-detector-1/commit/5441f10ff2ca397700b0d32b4e57e458d5aeda03,add dockerfile,AD,*,
185,rwth-acis/las2peer-CitRec-Handler-Service,Dockerfile,https://github.com/rwth-acis/las2peer-CitRec-Handler-Service/commit/a474bd4ea1425db7c94002e86b7440439fff9197,remove database env var,"RBS,UBS","ENV,ENV,ENV,ENV,ENV,RUN",
186,rwth-acis/las2peer-CitRec-Handler-Service,Dockerfile,https://github.com/rwth-acis/las2peer-CitRec-Handler-Service/commit/ea9ed6ce38ed79b3bf17d5c9ac5548319d18e080,update database env var,UBS,ENV,
187,rwth-acis/las2peer-CitRec-Handler-Service,Dockerfile,https://github.com/rwth-acis/las2peer-CitRec-Handler-Service/commit/b48ee307b5c3c0fdb22946294580a368fafe03ee,add dockerfile,AD,*,
188,viaacode/openseadragon-client,Dockerfile,https://github.com/viaacode/openseadragon-client/commit/3ccb3b9e6dd3090ac19c57ca8c7a564ea2fa7ec7,add dockerfile,AD,*,
189,xzebra/notion-blog,Dockerfile,https://github.com/xzebra/notion-blog/commit/e13dd54f2bfd5dae46af8dd5c47e3c7298c40d7e,update entrypoint command,UBS,ENTRYPOINT,
190,xzebra/notion-blog,Dockerfile,https://github.com/xzebra/notion-blog/commit/57f2085f008a160e1af5c2dd19c263129850b47d,add dockerfile,AD,*,
191,neobrain/FEX,Dockerfile,https://github.com/neobrain/FEX/commit/b54385162e3cfebf2c303f993de8c7e584dcd1b8,remove dependency,UBS,"RUN,RUN",
192,neobrain/FEX,Dockerfile,https://github.com/neobrain/FEX/commit/ae569da895d6d058c08890efac93c125516c85b7,remove version pin,UBS,RUN,
193,neobrain/FEX,Dockerfile,https://github.com/neobrain/FEX/commit/d77acdf4740fe22f06bdca0beb7fa6e3b4f84a16,add dependencies,UBS,RUN,
194,neobrain/FEX,Dockerfile,https://github.com/neobrain/FEX/commit/cab317e2f0d9662722789be9ddca3a4fe95cb216,remove dependency,UBS,"RUN,RUN",
195,neobrain/FEX,Dockerfile,https://github.com/neobrain/FEX/commit/a28df9f5c18c0f910ddf32e3f1f32eaf29a85685,remove builder step library from final image,RBS,COPY,
196,neobrain/FEX,Dockerfile,https://github.com/neobrain/FEX/commit/c2b29b10d10b1158d3cc740e0ad5c28d3d1ab354,refactor Dockerfile to use intermediate builder step,"UBI,RBS,ABS","FROM,RUN,FROM,RUN,RUN,COPY,COPY",
197,neobrain/FEX,Dockerfile,https://github.com/neobrain/FEX/commit/36b12f934d0f0be20ecfcddaa15f97131496dfa3,add additional flag to build command,UBS,RUN,
198,neobrain/FEX,Dockerfile,https://github.com/neobrain/FEX/commit/2abb2a7a3d5f64464fee7c1cbce25e27b582696a,add dockerfile,AD,*,