#,repo,file_path,commit_url,description,category,affected_instructions,
199,aaberg/sql2o,extensions/oracle/Dockerfile,https://github.com/aaberg/sql2o/commit/ca3215a21309fd78785ed8c00aee68df8b6440fd,add dockerfile,AD,*,
200,albfan/miraclecast,cmake.Dockerfile,https://github.com/albfan/miraclecast/commit/4f37045eea9d5da1b3840144381160a905275244,add dockerfile,AD,*,
201,syslog-ng/syslog-ng,dbld/images/debian-sid.dockerfile,https://github.com/syslog-ng/syslog-ng/commit/bdfcdb9ffa14e4952b8101db73ddf15b7b5dc71b,remove build step,RBS,RUN,
202,syslog-ng/syslog-ng,dbld/images/debian-sid.dockerfile,https://github.com/syslog-ng/syslog-ng/commit/d60cc7ca209b19b6b1f2f10667ad8a0d7da8ba35,update build steps; udpate env,UBS,"ARG,ENV",
203,syslog-ng/syslog-ng,dbld/images/debian-sid.dockerfile,https://github.com/syslog-ng/syslog-ng/commit/504187cbeb6a0228b110a48e8fc2fbffc8ef9b10,add build steps; udpate env,ABS,"ENV,ENV",
204,syslog-ng/syslog-ng,dbld/images/debian-sid.dockerfile,https://github.com/syslog-ng/syslog-ng/commit/f258c8a66cd9a651c6dc9a5ef98752c5510a25e9,remove comments,MC,,
205,syslog-ng/syslog-ng,dbld/images/debian-sid.dockerfile,https://github.com/syslog-ng/syslog-ng/commit/7b5b7e6901ed8a53a40aabd53393df01fd790132,remove build step (deps),RBS,RUN,
206,syslog-ng/syslog-ng,dbld/images/debian-sid.dockerfile,https://github.com/syslog-ng/syslog-ng/commit/98ca4a42674a3073c3f281fb71e2d2d90a321638,add build step (deps),ABS,RUN,
207,syslog-ng/syslog-ng,dbld/images/debian-sid.dockerfile,https://github.com/syslog-ng/syslog-ng/commit/38f6cdfc3e0e5d9f12d69c0867a88b8e609977d9,add dockerfile,AD,*,
208,Bioconductor/bioc_docker,out/release_metabolomics/Dockerfile,https://github.com/Bioconductor/bioc_docker/commit/c7939d50dcb5a37dde750da1b4f9c3b9f4c169e5,add labels,ML,"LABEL,LABEL",
209,Bioconductor/bioc_docker,out/release_metabolomics/Dockerfile,https://github.com/Bioconductor/bioc_docker/commit/8987fdef4bd062716dcd5a4a7ff9174620679b48,update build step (add dep),UBS,RUN,
210,Bioconductor/bioc_docker,out/release_metabolomics/Dockerfile,https://github.com/Bioconductor/bioc_docker/commit/7eb97a6609a5e831d625708d3dde171d982f8b5a,update build step (add dep),UBS,RUN,
211,Bioconductor/bioc_docker,out/release_metabolomics/Dockerfile,https://github.com/Bioconductor/bioc_docker/commit/667ee1507d582b290ae8b9224bbb562109a0c8a6,add build steps; udpate env,ABS,"ENV,ENV",
212,Bioconductor/bioc_docker,out/release_metabolomics/Dockerfile,https://github.com/Bioconductor/bioc_docker/commit/6ab6a8897c24194a69067ab02999ce3d5b8f7e73,update build step (add dep),UBS,RUN,
213,Bioconductor/bioc_docker,out/release_metabolomics/Dockerfile,https://github.com/Bioconductor/bioc_docker/commit/b595a96053e4520e5d0cadf7bebd125d5196d1f7,styling (remove whitespace),S,RUN,
214,Bioconductor/bioc_docker,out/release_metabolomics/Dockerfile,https://github.com/Bioconductor/bioc_docker/commit/b9ab232b03e9793186b251f592639de9281da722,update base image,UBI,FROM,
215,Bioconductor/bioc_docker,out/release_metabolomics/Dockerfile,https://github.com/Bioconductor/bioc_docker/commit/13b961afe5529f646539f34c9e814944f71c640c,update base image,UBI,FROM,
216,Bioconductor/bioc_docker,out/release_metabolomics/Dockerfile,https://github.com/Bioconductor/bioc_docker/commit/29e52f1176e662994677fb7c862787a0e2b2331d,add dockerfile,AD,*,
217,Bioconductor/bioc_docker,out/release_metabolomics/Dockerfile,https://github.com/Bioconductor/bioc_docker/commit/34db185a8462b4647bd60734513ec8d533782b2f,remove dockerfile,RD,,
218,Bioconductor/bioc_docker,out/release_metabolomics/Dockerfile,https://github.com/Bioconductor/bioc_docker/commit/e8d45986752f6b3e33821aeb128e4bbd0717506a,update base image,UBI,FROM,
219,Bioconductor/bioc_docker,out/release_metabolomics/Dockerfile,https://github.com/Bioconductor/bioc_docker/commit/9acb54366d0770ae98f48127e8e7ba3d1604aed6,update base image (RENAME),"UBI,R",FROM,
220,Bioconductor/bioc_docker,out/release_metabolomics/Dockerfile,https://github.com/Bioconductor/bioc_docker/commit/6530d15d35d19eb17d806268688dbd2e5ed16e7f,update build steps (deps),UBS,RUN,
221,Bioconductor/bioc_docker,out/release_metabolomics/Dockerfile,https://github.com/Bioconductor/bioc_docker/commit/9f1b346dd229473459f388704c7a42c8c762d0a5,update build step (remove dep),UBS,RUN,
222,Bioconductor/bioc_docker,out/release_metabolomics/Dockerfile,https://github.com/Bioconductor/bioc_docker/commit/04725b75147f3c7df11ff2d0ad0ed04cfa4c515f,update build step (dep),UBS,RUN,
223,Bioconductor/bioc_docker,out/release_metabolomics/Dockerfile,https://github.com/Bioconductor/bioc_docker/commit/33482d22ab36342b8cfd8ae33e1032d217e20451,update build step (split deps - multiple run cmds),UBS,"RUN,RUN",
224,Bioconductor/bioc_docker,out/release_metabolomics/Dockerfile,https://github.com/Bioconductor/bioc_docker/commit/9e8ed8437cc80b6b90315125911d9d1f27648b78,update build step (deps),UBS,"RUN,RUN",
225,Bioconductor/bioc_docker,out/release_metabolomics/Dockerfile,https://github.com/Bioconductor/bioc_docker/commit/52a591ecdecc1aad70b973925d13e564a9352bac,add dockerfile,AD,*,
226,dacunni/FastRender,docker/Dockerfile,https://github.com/dacunni/FastRender/commit/7d5a5c0524952395a444a71916c74cfa8728b17b,add dockerfile,AD,*,
227,EBISPOT/goci,goci-interfaces/goci-pussycat/Dockerfile,https://github.com/EBISPOT/goci/commit/d3ae492d5de54061d08251ddfb8f8169ca27fecb,add dockerfile,AD,*,
228,elastic/examples,Miscellaneous/docker/full_stack_example/config/apache2/Dockerfile,https://github.com/elastic/examples/commit/de092266152ce41ffcc6377591be288b9f02337c,add dockerfile,AD,*,
229,gggeek/phpxmlrpc,tests/ci/Dockerfile,https://github.com/gggeek/phpxmlrpc/commit/9ea80b6afb66c464ac9bfb2cf97ff80231f12dd6,update build step (BASE IMAGE),UBI,ARG,
230,gggeek/phpxmlrpc,tests/ci/Dockerfile,https://github.com/gggeek/phpxmlrpc/commit/f9b6f0e202eb6fa3f87a6ce309b9091569f43615,change paths,R,WORKDIR,
231,gggeek/phpxmlrpc,tests/ci/Dockerfile,https://github.com/gggeek/phpxmlrpc/commit/98d4ea619cef778d0cbcc706ea9a157178f90da5,update build steps (deps),UBS,RUN,
232,gggeek/phpxmlrpc,tests/ci/Dockerfile,https://github.com/gggeek/phpxmlrpc/commit/7babc0fc84e8cca70c8cf8d5349ce1dc6cba691e,add dockerfile,AD,*,
233,globocom/GloboNetworkAPI-WebUI,Dockerfile,https://github.com/globocom/GloboNetworkAPI-WebUI/commit/b8803fbb45e2ced9ce312dd8fc0a0b7edcd1d528,update build step,UBS,RUN,
234,globocom/GloboNetworkAPI-WebUI,Dockerfile,https://github.com/globocom/GloboNetworkAPI-WebUI/commit/cabf67dd7ee4488d35c9f7829dc3cab7953cd93a,update build step (concat RUN cmds) set default SHELL,UBS,"SHELL,RUN",
235,globocom/GloboNetworkAPI-WebUI,Dockerfile,https://github.com/globocom/GloboNetworkAPI-WebUI/commit/8157738766787f98d416304c5cb3536401e083f7,update build step (concat RUN cmds),UBS,RUN,
236,globocom/GloboNetworkAPI-WebUI,Dockerfile,https://github.com/globocom/GloboNetworkAPI-WebUI/commit/b3da9e0c46a8133b020416fccbdac97b88baba6c,add build step ,ABS,RUN,
237,globocom/GloboNetworkAPI-WebUI,Dockerfile,https://github.com/globocom/GloboNetworkAPI-WebUI/commit/63a4d3e7cbfba33bb034ff4e64d9146b16e46349,add dockerfile,AD,*,
238,Imagick/imagick,docker/testing8_0/Dockerfile,https://github.com/Imagick/imagick/commit/75523cfd023343e46ec16e943344a8c97b827cde,update build step; version bump,UBS,RUN,
239,Imagick/imagick,docker/testing8_0/Dockerfile,https://github.com/Imagick/imagick/commit/3194991eef853a399a8ebf02cc38e983b95a9017,add dockerfile,AD,*,
240,opencb/cellbase,cellbase-app/app/cloud/docker/cellbase-rest/Dockerfile,https://github.com/opencb/cellbase/commit/9b13b7bf3cde6db23e312795c45aa045b2ea7637,add comments (docs),MC,,
241,opencb/cellbase,cellbase-app/app/cloud/docker/cellbase-rest/Dockerfile,https://github.com/opencb/cellbase/commit/49a10b0b113661e3ffddd8977111e7a4f0f03250,update build step (add labels),"UBS,ML",LABEL,
242,opencb/cellbase,cellbase-app/app/cloud/docker/cellbase-rest/Dockerfile,https://github.com/opencb/cellbase/commit/9b227d90201d998ac96605fa0767a45513ffd718,"update build step (change base image naming, update labels)","UBI,UBS,ML","FROM,LABEL",
243,opencb/cellbase,cellbase-app/app/cloud/docker/cellbase-rest/Dockerfile,https://github.com/opencb/cellbase/commit/de9ecd81165181006ccf4a3a169017373a274868,update build steps,UBS,"ARG,FROM,USER,ENTRYPOINT",
244,opencb/cellbase,cellbase-app/app/cloud/docker/cellbase-rest/Dockerfile,https://github.com/opencb/cellbase/commit/745ec74fb156270f8c8fdd4592d7e33a9bae00df,remove build steps,RBS,"ARG,ENV,RUN,COPY,WORKDIR,EXPOSE",
245,opencb/cellbase,cellbase-app/app/cloud/docker/cellbase-rest/Dockerfile,https://github.com/opencb/cellbase/commit/b1515909b458dc157a3a00923f05ddeb1d6dd20e,rename dockerfile,RD,,
246,zmartzone/mod_auth_openidc,test/Dockerfile,https://github.com/zmartzone/mod_auth_openidc/commit/160a7f2ab3e610ea5b18368ee7c09c89c55bad2b,add dockerfile,AD,*,
247,TechEmpower/FrameworkBenchmarks,frameworks/D/vibed/vibed-ldc.dockerfile,https://github.com/TechEmpower/FrameworkBenchmarks/commit/f7ba4edb31287fb4debbb66030a131f787193cdf,update base image (version bump),UBI,FROM,
248,TechEmpower/FrameworkBenchmarks,frameworks/D/vibed/vibed-ldc.dockerfile,https://github.com/TechEmpower/FrameworkBenchmarks/commit/98f1fea27ef8c3d6e2250ec299aba03e501a60e8,update base image (version bump),UBI,FROM,
249,TechEmpower/FrameworkBenchmarks,frameworks/D/vibed/vibed-ldc.dockerfile,https://github.com/TechEmpower/FrameworkBenchmarks/commit/0096f84ee91ac9e7e2875a10e3a706d38069e8d7,update build step (expose port),UBS,EXPOSE,
250,TechEmpower/FrameworkBenchmarks,frameworks/D/vibed/vibed-ldc.dockerfile,https://github.com/TechEmpower/FrameworkBenchmarks/commit/623418289ef592484cfbffafd9df0974e37c4336,update build step (apt -> apt-get),UBS,RUN,
251,TechEmpower/FrameworkBenchmarks,frameworks/D/vibed/vibed-ldc.dockerfile,https://github.com/TechEmpower/FrameworkBenchmarks/commit/6ad73279f0290134f7eeb073a853f94ff58b2871,update build step,UBS,RUN,
252,TechEmpower/FrameworkBenchmarks,frameworks/D/vibed/vibed-ldc.dockerfile,https://github.com/TechEmpower/FrameworkBenchmarks/commit/ef7d6e08cdf1513eeddf4c0ddea9e536d05f6cf4,add dockerfile,AD,*,
253,TechEmpower/FrameworkBenchmarks,frameworks/D/vibed/vibed-ldc.dockerfile,https://github.com/TechEmpower/FrameworkBenchmarks/commit/956d1ef22ce2eb70aae93f2ecf16ba6ca34e2f9b,remove dockerfile,RD,,
254,TechEmpower/FrameworkBenchmarks,frameworks/D/vibed/vibed-ldc.dockerfile,https://github.com/TechEmpower/FrameworkBenchmarks/commit/058829631d5a469107d3918e4cb0df2461a5a2eb,"update build steps (base image, structure)","UBI,UBS","FROM,COPY,ADD,WORKDIR,RUN",
255,TechEmpower/FrameworkBenchmarks,frameworks/D/vibed/vibed-ldc.dockerfile,https://github.com/TechEmpower/FrameworkBenchmarks/commit/6fce84a278d513c4fb0ec2dfcc6264105fbca8a3,update base image,UBI,FROM,
256,TechEmpower/FrameworkBenchmarks,frameworks/D/vibed/vibed-ldc.dockerfile,https://github.com/TechEmpower/FrameworkBenchmarks/commit/9f11e23c8b6a9484880df5642160b7cd75aaf076,add dockerfile,AD,*,
257,yorch81/WebOcr,docker/Dockerfile,https://github.com/yorch81/WebOcr/commit/04c35fbcbee4866331d81ae09f6df45213e596d7,add dockerfile,AD,*,
258,umple/umple,umpleonline/Dockerfile,https://github.com/umple/umple/commit/830f3240b558ac56991848e281aaa0c5cee46afc,add build step,AD,USER,
259,umple/umple,umpleonline/Dockerfile,https://github.com/umple/umple/commit/f80fce732388b48da3ccba3f059e89f5d36f053e,"update build step, update comment (docs)","UBS,MC",RUN,
260,umple/umple,umpleonline/Dockerfile,https://github.com/umple/umple/commit/a6b75f7f45ee2b272f7333768f7308c4c7964387,"update build step, update comment (docs)","UBS,MC",RUN,
261,umple/umple,umpleonline/Dockerfile,https://github.com/umple/umple/commit/0a661f8dca31de5c2b23bc192e981d3de2b65f78,"update build step, update comment (docs)","UBS,MC",RUN,
262,umple/umple,umpleonline/Dockerfile,https://github.com/umple/umple/commit/27865ef4744097ad93561f1c125007dd5022523b,update build step,UBS,RUN,
263,umple/umple,umpleonline/Dockerfile,https://github.com/umple/umple/commit/a4cc266100749c2d9fff42fc8f7c225b73879aee,update build step (smell usign RUN mkdir),UBS,RUN,
264,umple/umple,umpleonline/Dockerfile,https://github.com/umple/umple/commit/b6188df3cc227a6339ebfdd2d152035cf84ab54a,udpate build step (syntax error),UBS,RUN,
265,umple/umple,umpleonline/Dockerfile,https://github.com/umple/umple/commit/a1ecaf24bbade3c426247e05e4bf3e21258ed514,update build step (add smell RUN mkdir),UBS,RUN,
266,umple/umple,umpleonline/Dockerfile,https://github.com/umple/umple/commit/6280451c5c0ae9deb33a9d7b589ae6f4e2583df3,update build steps (update comments),UBS,"RUN,CMD",
267,umple/umple,umpleonline/Dockerfile,https://github.com/umple/umple/commit/4124f287c7548ef21fc17c79ba39ea1235c63ff1,update build step,UBS,RUN,
268,umple/umple,umpleonline/Dockerfile,https://github.com/umple/umple/commit/acc22518de8bd60bce0554c59b32fe101608b0a5,update build step,UBS,RUN,
269,umple/umple,umpleonline/Dockerfile,https://github.com/umple/umple/commit/b35f09be803ea0c3e42d486f79dfd7b026e48bf4,update build step,UBS,RUN,
270,umple/umple,umpleonline/Dockerfile,https://github.com/umple/umple/commit/aa8b05b0132f013945f1a31b380b254328785e74,update build step,UBS,RUN,
271,umple/umple,umpleonline/Dockerfile,https://github.com/umple/umple/commit/a92fb79034456e1c6f3c37ff4856c16297443037,update build step,UBS,RUN,
272,umple/umple,umpleonline/Dockerfile,https://github.com/umple/umple/commit/2ae6239c2f1bbb50251ce28fcbf1c7cdb48acb34,remove build step (add comment; docs),"RBS,MC",RUN,
273,umple/umple,umpleonline/Dockerfile,https://github.com/umple/umple/commit/e284080e8407528815f637aca7114ed868d477d7,add build step (add comment; docs),ABS,RUN,
274,umple/umple,umpleonline/Dockerfile,https://github.com/umple/umple/commit/f126e7a91f95e6cf28d003cf1dbf5117750fd88e,"update build steps(base image, deprecated MAINTAINER, add comments)","UBI,UBS,ML","FROM,MAINTAINER,RUN",
275,umple/umple,umpleonline/Dockerfile,https://github.com/umple/umple/commit/d0a1989bbda5a33879787b7ab262846111c20094,add build step,ABS,MAINTAINER,
276,umple/umple,umpleonline/Dockerfile,https://github.com/umple/umple/commit/37d01d8d651dc3ee0a824a9c6a3bc967793b8216,add dockerfile,AD,*,
277,apache/reef,dev/docker/ubuntu12.04-jdk7-hdp2.4/Dockerfile,https://github.com/apache/reef/commit/677a5348b04a9774b6b2bd295a7d617dc3c401c0,add install flags,UBS,RUN,
278,apache/reef,dev/docker/ubuntu12.04-jdk7-hdp2.4/Dockerfile,https://github.com/apache/reef/commit/4c0207ed03a7596af4785ace4e8e920d2be14270,version bump across multiple instructions,"UBS,MC","RUN,ENV,RUN",
279,apache/reef,dev/docker/ubuntu12.04-jdk7-hdp2.4/Dockerfile,https://github.com/apache/reef/commit/630124476b5c1a41c2e043a672ec2db79ac16da0,add dockerfile,AD,*,
280,autotest/autotest-docker,Dockerfile,https://github.com/autotest/autotest-docker/commit/e8fa2207c3efbf99722d3ee9cd977713b9281f7d,"update base image, set version tag to latest",UBI,FROM,
281,autotest/autotest-docker,Dockerfile,https://github.com/autotest/autotest-docker/commit/52086c49d662db7b1d20ca1ea32f4b819ba867f3,"remove ""run-from atomic"" feature","RBS,MC,ML","ENV,LABEL,LABEL,LABEL,RUN,RUN,ADD,WORKDIR,RUN",
282,autotest/autotest-docker,Dockerfile,https://github.com/autotest/autotest-docker/commit/4cfc7fcfa536073fdfafd688faade976bbd81388,"simplify a feature, logically restructure build steps","UBI,UBS,ABS","FROM,ENV,RUN,RUN,WORKDIR,LABEL,LABEL,RUN,RUN",
283,autotest/autotest-docker,Dockerfile,https://github.com/autotest/autotest-docker/commit/6f51c41a2f6dcac935cbe1add2f5f214ad3b11da,update environment variables,UBS,ENV,
284,autotest/autotest-docker,Dockerfile,https://github.com/autotest/autotest-docker/commit/9472b3d04115c0c62fe7e8890100013773ff4017,switch to build from repo,"UBS,ABS,RBS,ML","ENV,RUN,RUN,WORKDIR,LABEL,ADD,RUN",
285,autotest/autotest-docker,Dockerfile,https://github.com/autotest/autotest-docker/commit/4a72997d511f5cb51da51f66fdb3bfd4d89593a1,move parts of the build proccess to scripts (modular; reusable),"RBS,MC,UBS,ABS,ML","ENV,RUN,ENV,ENV,ENV,RUN,ADD,ADD,ADD,LABEL,LABEL,LABEL,ENV,ENV,LABEL,RUN,RUN,RUN,RUN,ENTRYPOINT,RUN",
286,autotest/autotest-docker,Dockerfile,https://github.com/autotest/autotest-docker/commit/f6b2ab38a82de6dd1e5468cbe5c70cd9e354897e,udpate ENTRYPOINT command,UBS,ENTRYPOINT,
287,autotest/autotest-docker,Dockerfile,https://github.com/autotest/autotest-docker/commit/51c42c1dbceed07476cca328ee39efaf58892af9,"fix, provide access to volume",UBS,LABEL,
288,autotest/autotest-docker,Dockerfile,https://github.com/autotest/autotest-docker/commit/a65a9a4ddd91d30f8bf4546a676410d3b173252a,add support for atomic commands,"MC,ML,RBS,UBS,ABS","LABEL,RUN,RUN,RUN,RUN,RUN,ENV,ENV,RUN,RUN,RUN,ADD,ADD,ADD,LABEL,LABEL,LABEL,WORKDIR,ENV,ENV,ENV,RUN,RUN",
289,autotest/autotest-docker,Dockerfile,https://github.com/autotest/autotest-docker/commit/d5269e972ac11a8543f4ddb37d2dde412d739ffc,add support for testing in docker spc,"RBS,ABS,MC,ML","FROM,RUN,RUN,MAINTAINER,LABEL,ENV,RUN,RUN,RUN,RUN,RUN,ENV,ENV,ENV,RUN,RUN,RUN,ADD,WORKDIR,ENV,ENV,ENV,RUN,RUN,ENTRYPOINT",
290,autotest/autotest-docker,Dockerfile,https://github.com/autotest/autotest-docker/commit/6ff6346504d5e71e54a15f398454a2cfc99121a0,"update base image, add debugging steps","UBI,UBS,ABS","FROM,RUN,RUN",
291,autotest/autotest-docker,Dockerfile,https://github.com/autotest/autotest-docker/commit/9de399cf9639bfdae370a432c6f017f74cac1178,"modify base image, change debugging steps","UBI,UBS,RBS","FROM,RUN,RUN",
292,autotest/autotest-docker,Dockerfile,https://github.com/autotest/autotest-docker/commit/e7c545986b96231abe2bd89ac37e1eb3ca70ce91,"modify base image, change debugging steps","UBI,UBS,ABS","FROM,RUN,RUN",
293,autotest/autotest-docker,Dockerfile,https://github.com/autotest/autotest-docker/commit/856670f5266a1434f9f49ba32e475834206fb292,"add dockerfile, add comments","AD,MC",*,
294,syslog-ng/syslog-ng,dbld/images/debian-sid.dockerfile,https://github.com/syslog-ng/syslog-ng/commit/bdfcdb9ffa14e4952b8101db73ddf15b7b5dc71b,remove dep installation step,RBS,RUN,
295,syslog-ng/syslog-ng,dbld/images/debian-sid.dockerfile,https://github.com/syslog-ng/syslog-ng/commit/d60cc7ca209b19b6b1f2f10667ad8a0d7da8ba35,refactor env variables (OS image),UBS,"ARG,ENV",
296,syslog-ng/syslog-ng,dbld/images/debian-sid.dockerfile,https://github.com/syslog-ng/syslog-ng/commit/f258c8a66cd9a651c6dc9a5ef98752c5510a25e9,remove comments,MC,,
297,syslog-ng/syslog-ng,dbld/images/debian-sid.dockerfile,https://github.com/syslog-ng/syslog-ng/commit/7b5b7e6901ed8a53a40aabd53393df01fd790132,remove dep installation step,RBS,RUN,
298,syslog-ng/syslog-ng,dbld/images/debian-sid.dockerfile,https://github.com/syslog-ng/syslog-ng/commit/98ca4a42674a3073c3f281fb71e2d2d90a321638,add builddeps installation step (via script),ABS,RUN,
299,syslog-ng/syslog-ng,dbld/images/debian-sid.dockerfile,https://github.com/syslog-ng/syslog-ng/commit/38f6cdfc3e0e5d9f12d69c0867a88b8e609977d9,add dockerfile,AD,*,
300,bbxyard/bbxyard,yard/toolkits/docker/df/dashboard/netdata-centos.dockerfile,https://github.com/bbxyard/bbxyard/commit/bb24daa386ae51b67a08fdbfc5680d34ea15b07d,"add script that sets up the environement, comment instruction, update CMD instruction","UBS,MC,ABS","RUN,ENTRYPOINT,CMD",
301,bbxyard/bbxyard,yard/toolkits/docker/df/dashboard/netdata-centos.dockerfile,https://github.com/bbxyard/bbxyard/commit/f7c5e0bb164c65d5a83fba40532f19e0131fafb3,add dockerfile,AD,*,
302,camunda-consulting/camunda-7-code-examples,snippets/camunda-optimize/sso/optimize-keycloak/keycloak-proxy/Dockerfile,https://github.com/camunda-consulting/camunda-7-code-examples/commit/88fe63cb017e0b6c6c81056805db17c93bc68db5,add dockerfile,AD,*,
303,clementine-player/Buildbot,master/Dockerfile,https://github.com/clementine-player/Buildbot/commit/c44fe133d423674e5cb525a716b689005ef93699,"add dependency, downgrade older dependency",UBS,RUN,
304,clementine-player/Buildbot,master/Dockerfile,https://github.com/clementine-player/Buildbot/commit/f6ea9f7ed0497e9de5aaa2419bf52d41d0d8a3b3,"remove dependency, version bump other dep",UBS,RUN,
305,clementine-player/Buildbot,master/Dockerfile,https://github.com/clementine-player/Buildbot/commit/93dc882c436c16e453de2b708439a60a01490274,version pin dependency,UBS,RUN,
306,clementine-player/Buildbot,master/Dockerfile,https://github.com/clementine-player/Buildbot/commit/207dabad19ed01b978ea6677ef3c4e76e067ffcc,rename dockerfile,RD,,
307,openedx/configuration,docker/build/devpi/Dockerfile,https://github.com/openedx/configuration/commit/d94de9db958ebe41058c40b492db887fb6d3bd15,version bump dependencies,UBS,"ARG,ARG,ARG",
308,openedx/configuration,docker/build/devpi/Dockerfile,https://github.com/openedx/configuration/commit/68bebfcf55bc5211f91359c0afd990836ee30b57,update base image,UBI,FROM,
309,openedx/configuration,docker/build/devpi/Dockerfile,https://github.com/openedx/configuration/commit/59ef0d5c6b787a54723f63ba3888328b715c11e4,replace MAINTAINER with LABEL ,"RBS,ABS","MAINTAINER,LABEL",
310,openedx/configuration,docker/build/devpi/Dockerfile,https://github.com/openedx/configuration/commit/ed8f34eccc3efb4d6cbbb399be923404a4f42469,rename config yaml file (merge multiple config files),"UBS,R",COPY,
311,openedx/configuration,docker/build/devpi/Dockerfile,https://github.com/openedx/configuration/commit/9663401a8839f02f4bf0134f0d6f08ab684af608,"refactor, add base image version as build argument","ABS,UBS","FROM,ARG",
312,openedx/configuration,docker/build/devpi/Dockerfile,https://github.com/openedx/configuration/commit/388fb907ff0522de5b11c4fcaf3f09384f28a577,add dockerfile,AD,*,
313,elastic/examples,Miscellaneous/docker/full_stack_example/config/apache2/Dockerfile,https://github.com/elastic/examples/commit/de092266152ce41ffcc6377591be288b9f02337c,add dockerfile,AD,*,
314,europeana/europeana-portal-collections,Dockerfile,https://github.com/europeana/europeana-portal-collections/commit/e3279ec95f35a731ae45c0e12b10812ce38db5bd,"add dependency, update CMD and ENTRYPOINT instructions as suggested by best practices","UBS,ABS","RUN,ENTRYPOINT,CMD",
315,europeana/europeana-portal-collections,Dockerfile,https://github.com/europeana/europeana-portal-collections/commit/98262b9a14fb306bbb1278bb58365e92356093cf,update base image,UBI,FROM,
316,europeana/europeana-portal-collections,Dockerfile,https://github.com/europeana/europeana-portal-collections/commit/77be483770cf35436d240348d10f43a30bd08e47,update base image,UBI,FROM,
317,europeana/europeana-portal-collections,Dockerfile,https://github.com/europeana/europeana-portal-collections/commit/a4b7f9f70366c1d8772f1cb096fc9caba69b00aa,add dockerfile,AD,*,
318,globocom/GloboNetworkAPI-WebU,Dockerfile,https://github.com/globocom/GloboNetworkAPI-WebUI/commit/b8803fbb45e2ced9ce312dd8fc0a0b7edcd1d528,update virtualenv command,"UBS,RBS","RUN,RUN",
319,globocom/GloboNetworkAPI-WebU,Dockerfile,https://github.com/globocom/GloboNetworkAPI-WebUI/commit/cabf67dd7ee4488d35c9f7829dc3cab7953cd93a,set default shell,"ABS,UBS","SHELL,RUN",
320,globocom/GloboNetworkAPI-WebU,Dockerfile,https://github.com/globocom/GloboNetworkAPI-WebUI/commit/8157738766787f98d416304c5cb3536401e083f7,concat multiple RUN commands to reduce layer count,"UBS,MC","RUN,RUN,RUN,RUN",
321,globocom/GloboNetworkAPI-WebU,Dockerfile,https://github.com/globocom/GloboNetworkAPI-WebUI/commit/b3da9e0c46a8133b020416fccbdac97b88baba6c,update pip before installing dependencies,ABS,RUN,
322,globocom/GloboNetworkAPI-WebU,Dockerfile,https://github.com/globocom/GloboNetworkAPI-WebUI/commit/63a4d3e7cbfba33bb034ff4e64d9146b16e46349,add dockerfile,AD,*,
323,nexdatas/tools,.ci/debian9_py3/Dockerfile,https://github.com/nexdatas/tools/commit/e6d94163235e8a54f6f3a715962909833d0b98ea,add pytest to dockerfile,"UBS,RBS,ABS,MC,S","RUN,RUN,RUN,RUN,RUN",
324,nexdatas/tools,.ci/debian9_py3/Dockerfile,https://github.com/nexdatas/tools/commit/d9b7a49df1502cc1cc39f60d50296e0e399bd1f4,comment dependency ,"UBS,MC","RUN,ENV",
325,nexdatas/tools,.ci/debian9_py3/Dockerfile,https://github.com/nexdatas/tools/commit/3c57dab090d605ff015a6f134a727431d62d9351,remove old dependency,"UBS,MC",RUN,
326,nexdatas/tools,.ci/debian9_py3/Dockerfile,https://github.com/nexdatas/tools/commit/7b1c9dce78b6a51c340e72b85eb933996ac64848,add env var,ABS,ENV,
327,nexdatas/tools,.ci/debian9_py3/Dockerfile,https://github.com/nexdatas/tools/commit/f0334a228a5e3d691fd802ce48e2372810f08839,rename dockerfile,RD,,
328,joejcollins/captain-grey,.gitpod.Dockerfile,https://github.com/joejcollins/captain-grey/commit/465b461dc2abd2f225143fc50e914f9e70d503d0,add dockerfile,AD,*,
329,Imagick/imagick,docker/testing8_0/Dockerfile,https://github.com/Imagick/imagick/commit/75523cfd023343e46ec16e943344a8c97b827cde,dependency version bump,UBS,RUN,
330,Imagick/imagick,docker/testing8_0/Dockerfile,https://github.com/Imagick/imagick/commit/3194991eef853a399a8ebf02cc38e983b95a9017,add dockerfile,AD,*,
331,morontt/zend-blog-3-backend,docker/web/prod/Dockerfile,https://github.com/morontt/zend-blog-3-backend/commit/041016cda64390802edf49fca252fef763696aa6,increase run-time memory limits,UBS,RUN,
332,morontt/zend-blog-3-backend,docker/web/prod/Dockerfile,https://github.com/morontt/zend-blog-3-backend/commit/0d9a4a9d76e15d4c479de7c97ce992f83a11d7a2,move artifact to a different dir,UBS,RUN,
333,morontt/zend-blog-3-backend,docker/web/prod/Dockerfile,https://github.com/morontt/zend-blog-3-backend/commit/21a2e982105df8b30a0b7a81bea1af411687dafd,base image version bump,UBI,FROM,
334,morontt/zend-blog-3-backend,docker/web/prod/Dockerfile,https://github.com/morontt/zend-blog-3-backend/commit/a23aa154b000a7833daaeff330d2df7ba104b353,concat installation step,UBS,RUN,
335,morontt/zend-blog-3-backend,docker/web/prod/Dockerfile,https://github.com/morontt/zend-blog-3-backend/commit/0dd6a8df3eeecd4f904247e3c314af3e265ce36d,modify script timezone,UBS,RUN,
336,morontt/zend-blog-3-backend,docker/web/prod/Dockerfile,https://github.com/morontt/zend-blog-3-backend/commit/3c666d4787e8bf1bccb1b9a0707cd1074a4d9763,base image version bump,UBI,FROM,
337,morontt/zend-blog-3-backend,docker/web/prod/Dockerfile,https://github.com/morontt/zend-blog-3-backend/commit/2754dcb4f18e8f3ca5787211cadda74a265a4b68,add env var,ABS,ENV,
338,morontt/zend-blog-3-backend,docker/web/prod/Dockerfile,https://github.com/morontt/zend-blog-3-backend/commit/f3e8ecdb3b9fc16b680c63ffa5c5e5c34292a095,remove build step,RBS,COPY,
339,morontt/zend-blog-3-backend,docker/web/prod/Dockerfile,https://github.com/morontt/zend-blog-3-backend/commit/d7b2f74d9d00f837821d9bb07f456defaac3db37,"add env var and apply it to ''/etc/timezone/""","ABS,UBS","ENV,RUN",
340,morontt/zend-blog-3-backend,docker/web/prod/Dockerfile,https://github.com/morontt/zend-blog-3-backend/commit/cff411dbb22f379f82aa81201f301c1da9f26637,add dependency installations,UBS,RUN,
341,morontt/zend-blog-3-backend,docker/web/prod/Dockerfile,https://github.com/morontt/zend-blog-3-backend/commit/680e1324ffaeac26df4e6d4ce970d84f2cb2c55c,copy assets,ABS,COPY,
342,morontt/zend-blog-3-backend,docker/web/prod/Dockerfile,https://github.com/morontt/zend-blog-3-backend/commit/5e671f166c603c8a7ad33bc51e09ecbe3529d083,add web assets/resources,UBS,VOLUME,
343,morontt/zend-blog-3-backend,docker/web/prod/Dockerfile,https://github.com/morontt/zend-blog-3-backend/commit/79e8a1959dd9fe0c09a7f5b35779095b6ef9acd3,add env var,ABS,ENV,
344,morontt/zend-blog-3-backend,docker/web/prod/Dockerfile,https://github.com/morontt/zend-blog-3-backend/commit/1d8a9ec877bf9bf27933036a93bbffb36b9c76d9,remove dependencies,RBS,RUN,
345,morontt/zend-blog-3-backend,docker/web/prod/Dockerfile,https://github.com/morontt/zend-blog-3-backend/commit/b4892cb699128ade82f4e0016bc5536aa82e645a,add build installation depenency,UBS,RUN,
346,morontt/zend-blog-3-backend,docker/web/prod/Dockerfile,https://github.com/morontt/zend-blog-3-backend/commit/d6b54cdd7762ef7e49a52fa604b2a066b1a509e6,update dep install command to number of processors,UBS,RUN,
347,morontt/zend-blog-3-backend,docker/web/prod/Dockerfile,https://github.com/morontt/zend-blog-3-backend/commit/c7020d1a19f35b3189ee89bf36a9c78a170fb700,remove build dependency,UBS,RUN,
348,morontt/zend-blog-3-backend,docker/web/prod/Dockerfile,https://github.com/morontt/zend-blog-3-backend/commit/20e33fd6221efd18a90a4e97b9fa3533c4c12d55,set a cleanup step after dependency installation,UBS,RUN,
349,morontt/zend-blog-3-backend,docker/web/prod/Dockerfile,https://github.com/morontt/zend-blog-3-backend/commit/9266934b1ea31520c3b10b289b16d8c30052a457,base image version bump,UBI,FROM,
350,morontt/zend-blog-3-backend,docker/web/prod/Dockerfile,https://github.com/morontt/zend-blog-3-backend/commit/3577d641337f9f1b1c1aafbcb90bcd00ac888df1,add build installation depenency,UBS,RUN,
351,morontt/zend-blog-3-backend,docker/web/prod/Dockerfile,https://github.com/morontt/zend-blog-3-backend/commit/4d0847ee2fe29d239fa51d62161e3fa44ef956a5,rename dockerfile,RD,,
352,kaiyuanshe/open-hackathon,deploy/Dockerfile/mono/Dockerfile,https://github.com/kaiyuanshe/open-hackathon/commit/4661cbdc0ecc8c1a731fd9e160a34ddd5d6accf6,"update comments, licensing information",MC,,
353,kaiyuanshe/open-hackathon,deploy/Dockerfile/mono/Dockerfile,https://github.com/kaiyuanshe/open-hackathon/commit/b4daeb135f61bbd899e3df4ffe558aae7abe3b11,add license as comments,MC,,
354,kaiyuanshe/open-hackathon,deploy/Dockerfile/mono/Dockerfile,https://github.com/kaiyuanshe/open-hackathon/commit/f5ce5fab04828b7f98d93a6b03d6d01d29eb8066,rename dockerfile,RD,,
355,Particular/ServiceControl,src/docker/servicecontrol.rabbitmq.direct.init-windows.dockerfile,https://github.com/Particular/ServiceControl/commit/c7018922f6953ff7bce6584b8342660bdfd10504,add volume,"ABS,S",VOLUME,
356,Particular/ServiceControl,src/docker/servicecontrol.rabbitmq.direct.init-windows.dockerfile,https://github.com/Particular/ServiceControl/commit/9191284d9b43d5c95a0568dabedab32d2a323b97,update base image,UBI,FROM,
357,Particular/ServiceControl,src/docker/servicecontrol.rabbitmq.direct.init-windows.dockerfile,https://github.com/Particular/ServiceControl/commit/a03f4ae10fcfc1013c2b47e121df273738aa701c,version bump dependencies,UBS,"ADD,ADD",
358,Particular/ServiceControl,src/docker/servicecontrol.rabbitmq.direct.init-windows.dockerfile,https://github.com/Particular/ServiceControl/commit/27f65c5acdd71aff7f1b70f6b93c8d777c8b8cbd,modify env var key,UBS,ENV,
359,Particular/ServiceControl,src/docker/servicecontrol.rabbitmq.direct.init-windows.dockerfile,https://github.com/Particular/ServiceControl/commit/0e5c300e004a1b14adea77929de549a7d2b1858d,modify env var key,UBS,ENV,
360,Particular/ServiceControl,src/docker/servicecontrol.rabbitmq.direct.init-windows.dockerfile,https://github.com/Particular/ServiceControl/commit/1323d8405c08b4684f93a204926cc582bcace693,add env var to manage behaviour,"ABS,S",ENV,
361,Particular/ServiceControl,src/docker/servicecontrol.rabbitmq.direct.init-windows.dockerfile,https://github.com/Particular/ServiceControl/commit/422f11b845f90abc3c43d405d739a275666b9cf5,"rename pathing, ensure singe parent dir","UBS,R","ENV,ENV",
362,Particular/ServiceControl,src/docker/servicecontrol.rabbitmq.direct.init-windows.dockerfile,https://github.com/Particular/ServiceControl/commit/f25de5e251661312cd7a4dc0b59a993973f8d528,modify env var key,UBS,ENV,
363,Particular/ServiceControl,src/docker/servicecontrol.rabbitmq.direct.init-windows.dockerfile,https://github.com/Particular/ServiceControl/commit/61203c99bd8b332b272bc5ec6ded75e00cd9ef65,add env var default values,"ABS,MC,S","ENV,ENV",
364,Particular/ServiceControl,src/docker/servicecontrol.rabbitmq.direct.init-windows.dockerfile,https://github.com/Particular/ServiceControl/commit/b77f602bc49e4156b075765a9af830f72556b47a,rename dockerfile,RD,,
365,PatWie/CppNumericalSolvers,.ci/Dockerfile,https://github.com/PatWie/CppNumericalSolvers/commit/81d60f8e53fcd60c81e70ff25864446a4d36033d,dependency version bump,UBS,"RUN,RUN,RUN,RUN,RUN",
366,PatWie/CppNumericalSolvers,.ci/Dockerfile,https://github.com/PatWie/CppNumericalSolvers/commit/33966f3cab3466fcd2e7e834009b4cf4cb09325d,"update base image, concat run commands used to install deps","UBI,UBS,RBS","FROM,RUN,RUN,RUN",
367,PatWie/CppNumericalSolvers,.ci/Dockerfile,https://github.com/PatWie/CppNumericalSolvers/commit/4fd68fc062a56ba41afd25adf34bccbe14f45475,add dockerfile,AD,*,
368,zmartzone/mod_auth_openidc,test/Dockerfile,https://github.com/zmartzone/mod_auth_openidc/commit/160a7f2ab3e610ea5b18368ee7c09c89c55bad2b,add dockerfile,AD,*,
369,troglobit/netcalc,Dockerfile,https://github.com/troglobit/netcalc/commit/5d047da897d77d05c3e890a9be78da25b8283e10,add dockerfile,AD,*,
370,Xilinx/xen,automation/build/ubuntu/trusty.dockerfile,https://github.com/Xilinx/xen/commit/49704b8d237ce1d141c9130dafeec6e37fbb39b6,remove dep version pin,UBS,RUN,
371,Xilinx/xen,automation/build/ubuntu/trusty.dockerfile,https://github.com/Xilinx/xen/commit/b9a3c9535622c78d04c3d548513af81c8e64d0f1,add dependency,UBS,RUN,
372,Xilinx/xen,automation/build/ubuntu/trusty.dockerfile,https://github.com/Xilinx/xen/commit/16d45644afa64c849d8cfa28190fa9c952fc329b,add dockerfile,AD,*,
373,yorch81/WebOcr,docker/Dockerfile,https://github.com/yorch81/WebOcr/commit/04c35fbcbee4866331d81ae09f6df45213e596d7,add dockerfile,AD,*,
374,cernopendata/opendata.cern.ch,nginx/Dockerfile,https://github.com/cernopendata/opendata.cern.ch/commit/a01164adbc518627d0ee8e5c655c7dfd6e922de7,split general ADD instruction into COPY instructions,"RBS,ABS","ADD,COPY,COPY,COPY",
375,cernopendata/opendata.cern.ch,nginx/Dockerfile,https://github.com/cernopendata/opendata.cern.ch/commit/2159d2dd32a03da821bd27441ab34a7a6350173d,add whitespace,S,,
376,cernopendata/opendata.cern.ch,nginx/Dockerfile,https://github.com/cernopendata/opendata.cern.ch/commit/8153b1ea59201a9150f9f57bfbf0c7f23d1c39b0,"update base image, add run command","UBI,ABS,MC,S","FROM,CMD",
377,cernopendata/opendata.cern.ch,nginx/Dockerfile,https://github.com/cernopendata/opendata.cern.ch/commit/3bc13b40fcb852d4e8add1251b9fd295b7beae28,add dockerfile,AD,*,
378,SemanticApplicationDesignLanguage/sadl,sadl3/com.ge.research.sadl.parent/theia-sadl-extension/apps/browser-app/Dockerfile,https://github.com/SemanticApplicationDesignLanguage/sadl/commit/8f58c14d60a2eedf5e040666e4c5d494f21d7443,bump jdk version,UBS,RUN,
379,SemanticApplicationDesignLanguage/sadl,sadl3/com.ge.research.sadl.parent/theia-sadl-extension/apps/browser-app/Dockerfile,https://github.com/SemanticApplicationDesignLanguage/sadl/commit/a0bd4959b0ed7005d2f1bbf4fb17c8a9a61e590e,"downgrade base image, downgrade python version",UBS,"FROM,RUN,FROM",
380,SemanticApplicationDesignLanguage/sadl,sadl3/com.ge.research.sadl.parent/theia-sadl-extension/apps/browser-app/Dockerfile,https://github.com/SemanticApplicationDesignLanguage/sadl/commit/d5d365ae0f625ae57ce8fa432e6afaa01f59a7ff,bump python version (dep),UBS,RUN,
381,SemanticApplicationDesignLanguage/sadl,sadl3/com.ge.research.sadl.parent/theia-sadl-extension/apps/browser-app/Dockerfile,https://github.com/SemanticApplicationDesignLanguage/sadl/commit/77f07c963f36a081ca8e927fd8cdf7173437a030,bump base image version,UBI,"FROM,FROM",
382,SemanticApplicationDesignLanguage/sadl,sadl3/com.ge.research.sadl.parent/theia-sadl-extension/apps/browser-app/Dockerfile,https://github.com/SemanticApplicationDesignLanguage/sadl/commit/b96fe9a50b275253d162a58ef9ec76a7dfbcf4ba,rename dockerfile,RD,,